Question,Answer
Hi!,Hello! How can I assist you today?
Hello!,Hi there! What can I do for you?
Hey!,Hello! How can I help you?
Goodbye!,Goodbye! Have a great day!
Bye!,See you later! Take care!
What's up?,Not much! How about you?
How are you?,"I'm just a program, but thanks for asking! How can I help you?"
What is the current battery status?,The current battery status is 75%.
How far did the vehicle travel today?,The vehicle traveled 150 kilometers today.
Is there any fault with the vehicle right now?,No faults have been detected in the vehicle.
Can you give me a status update?,The vehicle is functioning normally.
What's the fuel level?,The fuel level is at 50%.
How's the engine temperature?,The engine temperature is at a safe level.
Are there any alerts?,There are no alerts currently.
What's the tire pressure?,The tire pressure is optimal.
How many passengers can the vehicle carry?,The vehicle can carry 5 passengers.
What's the maximum speed of the vehicle?,The maximum speed is 180 km/h.
How long is the battery life?,The battery life lasts up to 300 kilometers.
Can you check the oil level?,The oil level is adequate.
What is the vehicle's VIN?,The vehicle's VIN is 1HGCM82633A123456.
What's the next maintenance due date?,The next maintenance is due in 2000 kilometers.
Is the air conditioning working?,"Yes, the air conditioning is functioning properly."
What's the current weather condition?,The current weather is sunny.
How many miles until empty?,You have 250 miles until empty.
Is the GPS working?,"Yes, the GPS is operational."
Can I play music?,"Yes, you can connect your device to play music."
What's the last service date?,The last service date was 3 months ago.
Can you turn on the headlights?,The headlights have been turned on.
Is the engine running smoothly?,"Yes, the engine is running smoothly."
How's the battery health?,The battery health is good.
What is the tire tread depth?,The tire tread depth is within safe limits.
How many kilometers has the vehicle traveled in total?,"The vehicle has traveled 50,000 kilometers in total."
Is there a lane departure warning?,"Yes, the lane departure warning is enabled."
What type of fuel does the vehicle use?,The vehicle uses unleaded gasoline.
Is the vehicle currently in motion?,"Yes, the vehicle is currently in motion."
Can you set a destination?,Please provide the destination to set.
What's the current speed?,The current speed is 60 km/h.
Is the battery charging?,"Yes, the battery is currently charging."
How long until the next charge?,Approximately 2 hours until the next charge.
Are the brakes functioning properly?,"Yes, the brakes are functioning properly."
Can you adjust the mirrors?,Please adjust the mirrors manually.
Is the vehicle in eco mode?,"Yes, the vehicle is currently in eco mode."
What is the average fuel consumption?,The average fuel consumption is 15 km/l.
Is the navigation system updated?,"Yes, the navigation system is updated."
What is the last trip distance?,The last trip distance was 120 kilometers.
Can you tell me the vehicle's color?,The vehicle is blue.
Is the wiper fluid full?,"Yes, the wiper fluid is full."
Can you check the tire rotation?,The tires have been rotated recently.
What's the battery type?,The battery type is lithium-ion.
Is there any upcoming maintenance scheduled?,No upcoming maintenance is scheduled.
Can you enable the parking assist?,Parking assist has been enabled.
What is the current location of the vehicle?,The vehicle is located at Main Street.
Can you turn off the engine?,The engine has been turned off.
Is there any recall on the vehicle?,No recalls are currently issued for this vehicle.
Can you turn on the dashboard lights?,The dashboard lights have been turned on.
What's the history of the vehicle?,The vehicle has had no major accidents.
Is the anti-lock braking system functional?,"Yes, the ABS is functional."
How often should I check the tire pressure?,You should check the tire pressure monthly.
What is the recommended oil change interval?,"The recommended oil change interval is every 5,000 kilometers."
Is the battery under warranty?,"Yes, the battery is under warranty."
What is the vehicle's weight?,"The vehicle weighs 1,200 kg."
Can you activate the cruise control?,Cruise control has been activated.
Is there a traffic alert feature?,"Yes, the traffic alert feature is available."
How much cargo can the vehicle carry?,The vehicle can carry up to 500 kg.
Can you connect to Bluetooth?,Please enable Bluetooth on your device.
What's the mileage of the vehicle?,The mileage of the vehicle is 20 km/l.
Is the air filter clean?,"Yes, the air filter is clean."
Can you play a specific playlist?,Please provide the playlist name.
What's the maximum towing capacity?,"The maximum towing capacity is 1,500 kg."
Can you remind me to check the oil?,Sure! I will remind you to check the oil.
How does the vehicle perform in winter?,The vehicle performs well in winter conditions.
Is there a remote start feature?,"Yes, there is a remote start feature."
What is the current mileage?,"The current mileage is 30,000 kilometers."
Is the sound system working?,"Yes, the sound system is working properly."
Can you provide maintenance tips?,"Check oil, tires, and brakes regularly."
Is there a navigation route available?,"Yes, a navigation route is available."
How do I reset the trip meter?,You can reset it using the dashboard button.
Can you assist with parallel parking?,"Yes, I can guide you through parallel parking."
What is the next service check?,"The next service check is at 40,000 kilometers."
Can you tell me about the vehicle's history?,The vehicle has had one owner and no accidents.
What's the recommended fuel type?,The recommended fuel type is premium unleaded.
Is there a low fuel warning?,"Yes, the low fuel warning is on."
Can you check the vehicle's diagnostics?,Diagnostics show no issues.
What is the last recorded speed?,The last recorded speed was 90 km/h.
Is the vehicle's registration current?,"Yes, the registration is current."
Can you enable the child lock?,Child lock has been enabled.
How often should I clean the vehicle?,You should clean the vehicle every month.
What is the warranty period?,The warranty period is 5 years.
Is the vehicle ready for a long trip?,"Yes, the vehicle is ready for a long trip."
Can you tell me about the infotainment system?,"The infotainment system includes navigation, music, and apps."
How many recalls has the vehicle had?,The vehicle has had no recalls.
Is there a feature for lane keeping?,"Yes, there is a lane-keeping assist feature."
What's the size of the gas tank?,The gas tank size is 50 liters.
Can you check the registration renewal date?,The registration renewal date is in 6 months.
Is there a feature to track vehicle location?,"Yes, you can track the vehicle's location."
Can you tell me about tire maintenance?,Check tire pressure and tread depth regularly.
What's the best way to improve fuel efficiency?,Maintain proper tire pressure and regular service.
Can you assist with vehicle settings?,Sure! What settings would you like to change?
How do I clean the headlights?,Use a damp cloth and a suitable cleaner for headlights.
Is the vehicle equipped with a sunroof?,"Yes, the vehicle is equipped with a sunroof."
